{
  "Q-Learning": {
    "params": {
      "episodes": 10000,
      "epsilon": 0.9,
      "gamma": 0.99,
      "lr": 0.3
    },
    "metrics": {
      "reward_mean": 8.63,
      "reward_std": 2.5793603858321155,
      "success_rate": 1.0,
      "train_time": 1.7542588710784912,
      "test_episodes": 100,
      "epsilon_tolerance": 0.25793603858321157
    },
    "timestamp": "2026-04-17T16:35:30"
  }
}